,FLEXIBLE DIETING MEAL PLAN,,,,,,,,,,,,,,,,,,,,,,,,,,
,FOOD / NAME,NUTRITION FOCUS,SERVING SIZE,BRAND,AUTOMATIC CHOICES W/SEPECIFIC FOOD,PAIRING OF CORE FOODS (PROTEIN),PAIRING OF SNACK,SERVING SIZE,CALORIES,FAT (g),SATURATED (g),POLYUNSATURATED (g),MONOUNSATURATED (g),TRANS (g),CHOLESTEROL (mg),SODIUM (mg),POTASSIUM (mg),CARBS (g),FIBER (g),SUGAR (g),PROTEIN (g),VITAMIN A (%),VITAMIN C (%),CALCIUM (%),IRON (%),,
,BREAKFAST CORE CHOICE PART 1 (PROTEIN FOCUS),,,,,,,,,,,,,,,,,,,,,,,,,,
1,Egg Whites - All Whites 100% Liquid Egg Whites,(Core Choice - Protein),,Crystal Farms ,"41-47, 127-130, 133-137, 7-8, 148,37-38",20-40,,3 tbsp (46g),25,0,0,0,0,0,0,95,75,0,0,0,5,6,0,8,4,BREAKFAST,PROTEIN
2,Better'n Eggs 98% egg whites - Egg Beaters,(Core Choice - Protein),,Crystal Farms ,"41-47, 127-130, 133-137, 7-8, 148,37-38",20-40,,3 tbsp (46g),25,0,0,0,0,0,0,95,75,0,0,0,5,6,0,8,4,BREAKFAST,PROTEIN
3,Egg Beaters - (Original) ,(Core Choice - Protein),,Crystal Farms ,"41-47, 127-130, 133-137, 7-8, 148,37-38",20-40,,3 tbsp (46g),25,0,0,0,0,0,0,75,60,1,0,0,5,0,0,0,0,BREAKFAST,PROTEIN
4,Egg Whites - Chocolate Flavor,(Core Choice - Protein),,Muscle Egg,"41-47, 127-130, 133-137, 7-8, 148,37-38",20-40,,1 Cup,130,0,0,0,0,0,0,389,0,5,0,0,25,0,0,0,0,BREAKFAST,PROTEIN
5,Hard-Boiled Egg Whites - No Yolk,(Core Choice - Protein),,Generic ,"41-47, 127-130, 133-137, 7-8, 148","20-36, 39-40",,1 Large Egg,17,0.1,0,0,0,0,0,50,51,0.2,0,0.2,3.6,0,0,0,0,BREAKFAST,PROTEIN
6,Hard-Boiled Egg - With Yolk ,(Core Choice - Protein),,Generic ,"41-47, 127-130, 133-137, 7-8, 148","20-36, 39-40",,1 Egg,70,4,1.5,0,0,0,190,55,0,1,0,0,6,6,0,2,4,BREAKFAST,PROTEIN
9,Plain Greek Yogurt - Fage Tub,(Core Choice - Protein),,Fage Total 0% - Tub,"48-53, 131-132 ","20-36, 87",,1 Cup (227g) ,130,0,0,0,0,0,10,85,0,9,0,9,23,0,0,25,0,BREAKFAST,PROTEIN
10,Plain Greek Yogurt - Single Servre Fage 170g Container,(Core Choice - Protein),,Fage Greek Single Serve Total 0% - 170g Container ,"48-53, 131-132","20-36, 87",,1 Container (6 oz),100,0,0,0,0,0,10,65,0,7,0,7,18,0,0,20,0,BREAKFAST,PROTEIN
11,2% Lowfat Plain Greek Yogurt - Fage Tub,(Core Choice - Protein),,Fage Total 2% - Tub,"48-53, 131-132","20-36, 87",,1 Cup (227g) ,170,4.5,3,0,0,0,15,75,0,9,0,9,23,2,0,25,0,BREAKFAST,PROTEIN
12,Plain Greek Yogurt Chobani - Tub ,(Core Choice - Protein),,Chobani,"48-53, 131-132","20-36, 87",,1 Cup (227g) ,130,0,0,0,0,0,10,105,0,11,0,6,22,0,0,25,0,BREAKFAST,PROTEIN
13,Plain Greek Yorgurt (5.3 oz Container) ,(Core Choice - Protein),,Chobani,"48-53, 131-132","20-36, 87",,1 Container (5.3 oz),90,0,0,0,0,0,10,70,0,7,0,4,15,0,0,15,0,BREAKFAST,PROTEIN
14,Greek Yogurt - Light & Fit Greek Strawberry ,(Core Choice - Protein),,Dannon,"48-53, 131-132","20-36, 87",,1 Container (150g),80,0,0,0,0,0,10,55,160,8,0,6,12,0,0,15,0,BREAKFAST,PROTEIN
15,Greek Yogurt - Light & Fit Greek Cherry ,(Core Choice - Protein),,Dannon,"48-53, 131-132","20-36, 87",,1 Container (150g),80,0,0,0,0,0,10,45,160,9,0,8,12,0,0,15,0,BREAKFAST,PROTEIN
16,Kraft - Cottage Cheese (Simply Kraft) ,(Core Choice - Protein),,Kraft,"48-53, 131-132","20-36, 87",,0.5 Cup (113g),90,2.5,1.5,0,0,0,15,410,0,7,0,5,11,8,0,6,0,BREAKFAST,PROTEIN
17,Protein Shake ( Chocolate or Vanila) ,(Core Choice - Protein),,Forza Pro,48-52,20-36,,1 Scoop (40g),150,2,0,0,0,0,45,130,200,2,0,1,30,0,0,20,0,BREAKFAST,PROTEIN
18,Protein Shake (Chocolate) ,(Core Choice - Protein),,Muscle Pharm,48-52,20-36,,1 Scoop (35g),140,1.5,1,0,0,0,75,150,200,5,1,2,25,0,0,13,3,BREAKFAST,PROTEIN
19,Herbal Life Smoothie (Chocolate) ,(Core Choice - Protein),,Herbal Life,48-52,20-36,,1 Shake (8oz),200,4,0,0,0,0,0,435,470,18,3,8,24,70,60,55,50,BREAKFAST,PROTEIN
,,,,,AUTOMATIC CHOICES W/SEPECIFIC FOOD,PAIRING OF CORE FOODS (PROTEIN),,SERVING SIZE,CALORIES,FAT (g),SATURATED (g),POLYUNSATURATED (g),MONOUNSATURATED (g),TRANS (g),CHOLESTEROL (mg),SODIUM (mg),POTASSIUM (mg),CARBS (g),FIBER (g),SUGAR (g),PROTEIN (g),VITAMIN A (%),VITAMIN C (%),CALCIUM (%),IRON (%),,
,BREAKFAST CORE CHOICE PART 2 (CARBOHYDRATE FOCUS),,,,,,,,,,,,,,,,,,,,,,,,,,
20,Oatmeal (Quaker Oats Old Fashioned) ,(Core Choice - Carbohydrate) ,,Quaker ,"48-52, 131-132",See Associated Core Breakfast Foods (Protein),,50g,188,3.8,0.6,1.2,1.2,0,0,0,0,33.8,5,1.2,6.2,0,0,0,12.5,BREAKFAST,CARBOHYDRATE
21,Steel Cut Oatmeal (Quaker Steel Cut Oats)  ,(Core Choice - Carbohydrate) ,,Quaker,"48-52, 131-132",See Associated Core Breakfast Foods (Protein),,50g,188,3.1,0.6,1.2,1.2,0,0,0,0,33.8,5,1.2,6.2,0,0,0,12.5,BREAKFAST,CARBOHYDRATE
22,Oatmeal - TeamOats ,(Core Choice - Carbohydrate) ,,My Oatmeal.com,"48-52, 131-132",See Associated Core Breakfast Foods (Protein),,40g,157.2,2.2,0.1,0,0,0,0,35.9,0,31.3,2.2,15,3.8,0.02,1.6,0,5.5,BREAKFAST,CARBOHYDRATE
23,Cream Of Wheat ,(Core Choice - Carbohydrate) ,,Cream Of Wheat,"48-52, 131-132",See Associated Core Breakfast Foods (Protein),,3 tbsp (33g),110,0,0,0,0,0,0,100,0,24,1,1,4,0,0,20,50,BREAKFAST,CARBOHYDRATE
24,Cereal (Kashi - Go Lean Crisp)   ,(Core Choice - Carbohydrate) ,,Kashi,48-52,See Associated Core Breakfast Foods (Protein),,58g,180,2,0,1,0,0,0,115,390,40,13,8,12,0,0,4,10,BREAKFAST,CARBOHYDRATE
25,Cereal (Kashi - Go Lean Crunch)  ,(Core Choice - Carbohydrate) ,,Kashi,48-52,See Associated Core Breakfast Foods (Protein),,53g,190,3,0,1,1.5,0,0,100,330,38,8,13,9,0,0,2,8,BREAKFAST,CARBOHYDRATE
26,Cereal (GM - Fiber One - Nutty Clusters & Almonds Cereal) ,(Core Choice - Carbohydrate) ,,General Mills,48-52,See Associated Core Breakfast Foods (Protein),,52g,190,3.5,0,1,1.5,0,0,210,260,44,10,12,4,0,10,10,25,BREAKFAST,CARBOHYDRATE
27,Cereal (GM - Fiber One - Honey Clusters Cereal) ,(Core Choice - Carbohydrate) ,,General Mills,48-52,See Associated Core Breakfast Foods (Protein),,52g,170,1.5,0,0.5,0,0,0,210,190,44,10,9,4,0,10,10,90,BREAKFAST,CARBOHYDRATE
28,Cereal (Kellog's Special K - Vanilla Almond),(Core Choice - Carbohydrate) ,,Kellogg's,48-52,See Associated Core Breakfast Foods (Protein),,.75 Cup (30g),110,1,0,0,0,0,0,170,75,25,3,9,2,15,35,0,45,BREAKFAST,CARBOHYDRATE
29,Cereal (Kellog's Special K Protein - Cinamon Brown Sugar Crunch),(Core Choice - Carbohydrate) ,,Kellogg's,48-52,See Associated Core Breakfast Foods (Protein),,.75 Cup (31g),110,1,0,0,0,0,0,190,60,22,3,9,7,15,35,6,45,BREAKFAST,CARBOHYDRATE
30,Pancakes (Krusteaz - Buttermilk Pancake Mix) ,(Core Choice - Carbohydrate) ,,Krusteaz,"48-51, 141-142",See Associated Core Breakfast Foods (Protein),,50g,180,1.5,0.5,0,0,0,0,530,0,36,1,6,4,0,0,4,10,BREAKFAST,CARBOHYDRATE
31,Waffles (Kellog's Special K - Red Berries Waffles) ,(Core Choice - Carbohydrate) ,,Kellogg's,"48-51, 141-142",See Associated Core Breakfast Foods (Protein),,2 waffles (70g),150,2.5,0.5,0,0,0,0,360,55,30,3,6,4,30,0,20,30,BREAKFAST,CARBOHYDRATE
32,Bread - Whole Grains 100% Whole Wheat Bread ,(Core Choice - Carbohydrate) ,,Oroweat,143-147,See Associated Core Breakfast Foods (Protein),,1 Slice (38g),90,1,0,0,0,0,0,135,0,16,2,3,4,0,0,4,6,BREAKFAST,CARBOHYDRATE
33,Bread - 12 GrainBread,(Core Choice - Carbohydrate) ,,Oroweat,143-147,See Associated Core Breakfast Foods (Protein),,1 Slice (38g),100,2,0,1,0,0,0,135,0,18,2,3,4,0,0,4,6,BREAKFAST,CARBOHYDRATE
34,100% Whole Wheat English Muffin's (Thomas' Whole Grain),(Core Choice - Carbohydrate) ,,Thomas',143-147,See Associated Core Breakfast Foods (Protein),,1 Muffin (57g),120,1,0,0,0,0,0,220,0,23,3,1,5,0,0,8,10,BREAKFAST,CARBOHYDRATE
35,Regular Plain Bagel ,(Core Choice - Carbohydrate) ,,Thomas',143-147,See Associated Core Breakfast Foods (Protein),,1 Bagel (95g),260,1,0,0,0,0,0,460,0,53,2,6,9,0,0,10,15,BREAKFAST,CARBOHYDRATE
36,Everything Bagel ,(Core Choice - Carbohydrate) ,,Thomas',143-147,See Associated Core Breakfast Foods (Protein),,1 Bagel,280,3,1,1.5,0.5,0,0,410,0,52,2,7,9,0,0,10,20,BREAKFAST,CARBOHYDRATE
37,"Tortilla Low Carb, Whole Wheat, Large Size) ",(Core Choice - Carbohydrate) ,*Fixed Serving Size of 1 Serving,La Tortilla Factory,Only Pair w/1-4,See Associated Core Breakfast Foods (Protein),,1 Tortilla (62g),80,3,0,1,1.5,0,0,300,0,18,12,1,8,0,0,6,8,BREAKFAST,CARBOHYDRATE
38,Tortilla (Xtreme Wellness! High Fiber Low Carb) ,(Core Choice - Carbohydrate) ,*Fixed Serving Size of 1 Serving,Ole Mexican Foods,Only Pair w/1-4,See Associated Core Breakfast Foods (Protein),,1 Tortilla (45g),90,0,0,0,0,0,0,350,0,14,9,0,5,0,0,15,40,BREAKFAST,CARBOHYDRATE
39,Shredded Hash Browns (Simply Potatoes)  ,(Core Choice - Carbohydrate) ,,Crystal Farms ,"127-130, 133-137",See Associated Core Breakfast Foods (Protein),,0.5 Cup (78g),70,0,0,0,0,0,0,55,340,16,2,0,1,0,8,0,4,BREAKFAST,CARBOHYDRATE
40,Diced Potatoes With Onions ( Simply Potatoes),(Core Choice - Carbohydrate) ,,Crystal Farms ,"127-130, 133-137",See Associated Core Breakfast Foods (Protein),,0.5 Cup (78g),70,0,0,0,0,0,0,170,0,18,2,0,2,0,8,0,4,BREAKFAST,CARBOHYDRATE
,,,,,AUTOMATIC CHOICES W/SEPECIFIC FOOD,PAIRING OF CORE FOODS (PROTEIN),,SERVING SIZE,CALORIES,FAT (g),SATURATED (g),POLYUNSATURATED (g),MONOUNSATURATED (g),TRANS (g),CHOLESTEROL (mg),SODIUM (mg),POTASSIUM (mg),CARBS (g),FIBER (g),SUGAR (g),PROTEIN (g),VITAMIN A (%),VITAMIN C (%),CALCIUM (%),IRON (%),,
,          OPTIONS TO GO W/ BREAKFAST CORE CHOICES ,,,,,,,,,,,,,,,,,,,,,,,,,,
41,Fat Free Shredded Cheddar Cheese (Kraft Natural Cheese) ,          (Additional Option) ,*Fixed Serving Size of 1 Serving,Kraft,See Associated Breakfast Foods,,,.25 Cup (28g),45,0,0,0,0,0,5,280,0,2,0,0,9,8,0,25,0,BREAKFAST,Additional
42,Shredded Cheddar Cheese (2% Milk - Kraft Reduced Fat) ,          (Additional Option) ,*Fixed Serving Size of 0.75 Serving  ,Kraft,See Associated Breakfast Foods,,,.25 Cup (28g),80,6,3.5,0,0,0,20,220,0,0.5,0,0,7,4,0,40,0,BREAKFAST,Additional
43,Turkey Bacon (Jennie-O),          (Additional Core Choice) ,*Fixed Serving Size of 2 Servings,Jennie-O,See Associated Breakfast Foods,,,1 Slice (15g),30,2.5,0.5,0,0,0,10,130,0,0,0,0,2,0,2,2,0,BREAKFAST,Additional
44,Mushroom (Generic / Raw) ,          (Additional Option) ,*Fixed Serving Size of 1 Serving  ,Generic ,See Associated Breakfast Foods,,,3 oz (85g),20,0,0,0,0,0,0,15,300,3,1,0,3,0,2,0,2,BREAKFAST,Additional
45,Baby Spinach (Market Sied - Organic)  ,          (Additional Option) ,*Fixed Serving Size of 0.5 Servings,Market Sied,See Associated Breakfast Foods,,,4 Cups (85g),20,0,0,0,0,0,0,65,0,3,2,0,2,160,40,8,15,BREAKFAST,Additional
46,Black Olives ,          (Additional Option) ,*Fixed Serving Size of 1.5 Servings,Generic,See Associated Breakfast Foods,,,30g,25,2.5,0.4,0.2,1.5,0,0,115,1,0,,0,0,0,0,2,7,BREAKFAST,Additional
47,Broccoli (Generic / Raw) ,          (Additional Option) ,*Fixed Serving Size of 3.5 Servings,Generic ,See Associated Breakfast Foods,,,1 oz,10,0.1,0,0,0,0,0,12,83,2,0.9,0.4,0.7,9,31,1,1,BREAKFAST,Additional
48,Strawberries (Generic / Raw) ,          (Additional Option) ,*Fixed Serving Size of 0.5 Serving,Generic ,See Associated Breakfast Foods,,,1 Cup ,49,0.5,0,0.2,0.1,0,0,1.5,232.2,11.7,3,7.4,1,0.4,149,2.4,3.5,BREAKFAST,Additional
49,Bananas (Generic / Raw) ,          (Additional Option) ,*Fixed Serving Size of 1.5 Servings,Generic ,See Associated Breakfast Foods,,,42 g ,36,0,0,0,0,0,0,0,148.5,9.9,1,6.3,0.3,0.7,5,0,0.7,BREAKFAST,Additional
50,Blueberries (Generic / Raw) ,          (Additional Option) ,*Fixed Serving Size of 1.5 Serving,Generic ,See Associated Breakfast Foods,,,60g,34,0.2,0,0.1,0,0,0,0.6,46.2,8.4,1.4,6,0.4,0.6,9.6,0.6,1.2,BREAKFAST,Additional
51,Raspberries (Generic / Raw) ,          (Additional Option) ,*Fixed Serving Size of 0.5 Serving,Generic ,See Associated Breakfast Foods,,,6 oz,72,1,0,0,0,0,0,1.4,0,16.6,9.7,5.5,1.4,0,60,4,6,BREAKFAST,Additional
52,Raisin (Generic / Seedless) ,          (Additional Option) ,*Fixed Serving Size of 1 Serving,Generic ,See Associated Breakfast Foods,,,14g,42,0.1,0,0,0,0,0,2,105,11,0.5,8,0.4,0,0,0,1,BREAKFAST,Additional
53,Gronola - Vinilla Almond Crunch (Bear Naked) ,          (Additional Option) ,*Fixed Serving Size of 0.5 serving,Bear Naked,See Associated Breakfast Foods,,,.25 Cup (30g),120,2.5,0,1,1,0,0,10,0,22,2,4,4,0,0,0,4,BREAKFAST,Additional
54,"Almond Milk (Almond Breeze, Original Flavor - Bluediamond 30 Calories) ",          (Additional Option) ,*Fixed Serving Size of 1 Serving,Blue Diamond,See Associated Breakfast Foods,,,8 oz (1 Cup),30,2.5,0,0,0,0,0,180,170,2,1,0,1,10,0,45,4,BREAKFAST,Additional
55,"Almond Milk (Almond Breeze, Coconutmilk Blend - Bluediamond 45 Calories) ",          (Additional Option) ,*Fixed Serving Size of 1 Serving,Blue Diamond,See Associated Breakfast Foods,,,8 oz (1 Cup),45,3.5,1,0,0,0,0,130,180,2,0,0,1,10,0,45,4,BREAKFAST,Additional
56,Almond Milk ( Pure Almond Unsweetened Almondmilk 30 Calories - Silk) ,          (Additional Option) ,*Fixed Serving Size of 1 Serving,Silk,See Associated Breakfast Foods,,,8 oz (1 Cup),30,2.5,0,0.5,1.5,0,0,160,35,1,1,0,1,10,0,45,2,BREAKFAST,Additional
7,Ham  (Extra Lean Ham - Hormel) ,          (Additional Option) ,*Fixed Serving Size of 1 Serving,Hormel,See Associated Breakfast Foods,,,2 oz,60,2,1,0,0,0,25,670,0,1,0,1,9,0,0,0,2,BREAKFAST,Additional
8,Turkey Sausage - Lean Turkey Breakfast Sausage Links (Jennie-O) ,          (Additional Option) ,*Fixed Serving Size of 1 Serving,Jennie-O,See Associated Breakfast Foods,,,2 Links (48g),65,4,1,0,0,0,35,310,0,0,0,0,8,0,0,0,2,BREAKFAST,Additional
148,Avacado,          (Additional Option) ,*Fixed Serving Size of 1 Serving,Generic,See Associated Breakfast Foods,,,1 oz,50,4.5,0.5,0.5,3,0,0,0,150,3,2,0.2,2,0,4,0,2,BREAKFAST,Additional
,,,,,AUTOMATIC CHOICES W/SEPECIFIC FOOD,PAIRING OF CORE FOODS (PROTEIN),,SERVING SIZE,CALORIES,FAT (g),SATURATED (g),POLYUNSATURATED (g),MONOUNSATURATED (g),TRANS (g),CHOLESTEROL (mg),SODIUM (mg),POTASSIUM (mg),CARBS (g),FIBER (g),SUGAR (g),PROTEIN (g),VITAMIN A (%),VITAMIN C (%),CALCIUM (%),IRON (%),,
,LUNCH/DINNER CORE CHOICE PART 1 (PROTEIN FOCUS),,,,,,,,,,,,,,,,,,,,,,,,,,
57,"Chicken Breast - White, Bonless, Skinless (Tyson Chicken) ",(Core Choice - Protein) ,,Tyson Chicken,"127-130, 133-137",79-82 OR 92-96,,4 oz,110,2.5,0.5,0,1,0,65,180,0,0,0,0,23,0,0,0,0,LUNCH/DINNER,PROTEIN
58, Turkey Breast Tenderloin (Jennie-O) ,(Core Choice - Protein) ,,Jennie-O,"127-130, 133-137",79-82 OR 92-96,,4 oz,100,1,0.5,0,0,0,50,670,0,2,0,1,20,0,2,0,4,LUNCH/DINNER,PROTEIN
59, Tri Tip Steak (Trader Joe's),(Core Choice - Protein) ,,Trader Joe's,"127-130, 133-137",79-82 OR 92-96,,4 oz,180,10,4,0,0,0,60,70,0,0,0,0,23,0,0,0,10,LUNCH/DINNER,PROTEIN
60, Filet Mignon (Omaha Steaks),(Core Choice - Protein) ,,Omaha Steak,"127-130, 133-137",79-82 OR 92- 96,,5 oz,350,25,10,0,0,0,90,70,0,0,0,0,28,0,0,4,10,LUNCH/DINNER,PROTEIN
61, Pork Tenderloin (Kroger),(Core Choice - Protein) ,,Kroger,"127-130, 133-137",79-82 OR 92- 94,,4 oz,100,2,1,0,0,0,50,390,0,1,0,0,22,0,0,0,8,LUNCH/DINNER,PROTEIN
62, Ground Turkey - 99% Lean (Jennie-O),(Core Choice - Protein) ,,Jennie-O,"127-130, 133-137",79-84 OR 92-96,,4 oz (112g),120,1.5,0.5,0,0,0,55,70,0,0,0,0,26,0,0,0,4,LUNCH/DINNER,PROTEIN
63, Ground Turkey 93% Lean (Jennie-O),(Core Choice - Protein) ,,Jennie-O,"127-130, 133-137",79-84 OR 92-96,,4 oz (112g),170,8,2.5,0,0,0,80,80,0,0,0,0,21,2,0,2,6,LUNCH/DINNER,PROTEIN
64, Ground Beef - 96% Lean (Jewell),(Core Choice - Protein) ,,Jewell,"127-130, 133-137",79-84 OR 92-96,,4 oz (112g),140,4.5,2,0,0,0,55,75,0,0,0,0,24,0,0,0,15,LUNCH/DINNER,PROTEIN
65, Turkey Burger - Seasoned Patties (Jennie-O),(Core Choice - Protein) ,,Jennie-O,"127-130, 133-137","79-82 OR, 92-94",,112g,180,9,3,0,0,0,75,490,0,0,0,0,20,2,2,2,6,LUNCH/DINNER,PROTEIN
66, Salmon - Skinless Filets (Frozen - Walmart) ,(Core Choice - Protein) ,,Walmart,"127-130, 133-137","79-82 OR, 92-94",,4 oz (113g),100,2.5,0,0,0,0,45,250,0,0,0,0,19,0,0,0,4,LUNCH/DINNER,PROTEIN
67, Talapia (Frozen - Walmart),(Core Choice - Protein) ,,Walmart,"127-130, 133-137",79-82 OR 92-94,,4 oz,100,2.5,1,0,0,0,40,75,0,0,0,0,20,0,2,0,2,LUNCH/DINNER,PROTEIN
68, Starkist Solid White Albacore Tuna In Water,(Core Choice - Protein) ,,Starkist,"127-130, 133-137",79-82 OR 92-94,,2 oz,60,0.5,0,0.5,0,0,20,190,150,0,0,0,13,0,0,0,2,LUNCH/DINNER,PROTEIN
69, Greek Yogurt - Plain (Fage Total 0%),(Core Choice - Protein) ,,Fage Total 0% - Tub,"48-53, 131-132",87,112-113,1 Cup (227g),130,0,0,0,0,0,10,85,0,9,0,9,23,0,0,25,0,LUNCH/DINNER,PROTEIN
70, Greek Yogurt - Plain (Chobani 0%),(Core Choice - Protein) ,,Chobani,"48-53, 131-132",87,112-113,1 Cup (227g),130,0,0,0,0,0,10,105,0,11,0,6,22,0,0,25,0,LUNCH/DINNER,PROTEIN
71, Greek Yogurt - Light & Fit Greek Blueberry (Dannon),(Core Choice - Protein) ,,Dannon,"48-53, 131-132",87, 112-113,1 Container (150g),80,0,0,0,0,0,10,45,150,9,0,7,12,0,0,15,0,LUNCH/DINNER,PROTEIN
72, Greek Yogurt - Light & Fit Greek Raspberry (Dannon),(Core Choice - Protein) ,,Dannon,"48-53, 131-132",87,112-113,1 Container (150g),80,0,0,0,0,0,10,45,160,8,0,7,12,0,0,15,0,LUNCH/DINNER,PROTEIN
73, Cottage Cheese (Simply Kraft) ,(Core Choice - Protein) ,,Kraft,"48-53, 131-132",87,112-113,0.5 Cup (113g),90,2.5,1.5,0,0,0,15,410,0,7,0,5,11,8,0,6,0,LUNCH/DINNER,PROTEIN
74, Hard-Boiled Egg Whites (Generic - No Yolk) ,(Core Choice - Protein) ,,Generic,"127-130, 133-137",79-82 OR 94,,1 Large Egg,17,0.1,0,0,0,0,0,50,51,0.2,0,0.2,3.6,0,0,0,0,LUNCH/DINNER,PROTEIN
75, Protein Shake (Forza Pro - Vanila or Chocolate),(Core Choice - Protein) ,,Forza Pro,"54-56, 48-52","88, 90-91, 97-98",112-113,1 Scoop (40g),150,2,0,0,0,0,45,130,200,2,0,1,30,0,0,20,0,LUNCH/DINNER,PROTEIN
76, Protein Shake (Muscle Pharm - Chocolate),(Core Choice - Protein) ,,Muscle Pharm,"54-56, 48-52","88, 90-91, 97-98",112-113,1 Scoop (33.6g),130,1.5,1,0,0,0,46,150,270,5,1,2,25,0,0,12,2,LUNCH/DINNER,PROTEIN
77, Protein Shake (Quest Nutrition - Chocolate),(Core Choice - Protein) ,,Quest Nutrition,"54-56, 48-52","88, 90-91, 97-98", 112-113,1 Scoop (31g),110,0,0,0,0,0,15,170,90,4,2,1,23,0,0,35,4,LUNCH/DINNER,PROTEIN
78,  Herbal Life Smoothie ,(Core Choice - Protein) ,,Herbal Life,"54-56, 48-52","88, 90-91, 97-98",112-113,1 Shake (8 oz),200,4,0,0,0,0,0,435,470,18,3,8,24,70,60,55,50,LUNCH/DINNER,PROTEIN
,,,,,AUTOMATIC CHOICES W/SEPECIFIC FOOD,PAIRING OF CORE FOODS (PROTEIN),,SERVING SIZE,CALORIES,FAT (g),SATURATED (g),POLYUNSATURATED (g),MONOUNSATURATED (g),TRANS (g),CHOLESTEROL (mg),SODIUM (mg),POTASSIUM (mg),CARBS (g),FIBER (g),SUGAR (g),PROTEIN (g),VITAMIN A (%),VITAMIN C (%),CALCIUM (%),IRON (%),,
,LUNCH/DINNER CORE CHOICE PART 2 (CARBOHYDRATE FOCUS),,,,,,,,,,,,,,,,,,,,,,,,,,
79,Sweet Potatoes,(Core Choice - Carbohydrate),,Generic,See Associated Lunch Foods,,,133g,114,0,0,0,0,0,0,0,448,27,0,0,2.1,0,0,0,0,LUNCH/DINNER,CARBOHYDRATE
80,Red Potatoes (Generic),(Core Choice - Carbohydrate),,Generic,See Associated Lunch Foods,,,4 oz,100,0.2,0,0,0,0,0,13.6,612,20,2,0,4,0,24,0,4,LUNCH/DINNER,CARBOHYDRATE
81,Brown Rice (Whole Grain),(Core Choice - Carbohydrate),,Uncle Ben's,See Associated Lunch Foods,,,1 Cup Cooked,180,1.5,0,0,0,0,0,0,105,36,2,0,4,0,0,0,4,LUNCH/DINNER,CARBOHYDRATE
82,White Rice ,(Core Choice - Carbohydrate),,Jasmine,See Associated Lunch Foods,,,1 Cup Cooked,205,0,0,0,0,0,0,2,0,45,1,0,4,0,0,0,0,LUNCH/DINNER,CARBOHYDRATE
83,Barilla Whole Grain Pasta ,(Core Choice - Carbohydrate),,Barilla,See Associated Lunch Foods,83-84 Only Give as Option W/62-64,,2 oz (56g),180,1.5,0,0,0,0,0,0,0,39,6,2,8,0,0,0,20,LUNCH/DINNER,CARBOHYDRATE
84,Barilla Whole Grain Spaghetti,(Core Choice - Carbohydrate),,Barilla,See Associated Lunch Foods,83-84 Only Give as Option W/62-64,,2 oz (56g),180,1.5,0,0,0,0,0,0,0,39,6,2,8,0,0,0,20,LUNCH/DINNER,CARBOHYDRATE
85,Hunt's Pasta Sauce (Meat Flavored) ,(Core Choice - Carbohydrate),*Fixed Serving Size of 1 Serving,Hunt's,See Associated Lunch Foods,Only Give as Option W/83-84,,.5 Cup (126g),60,1,0,0,0,0,0,610,300,10,3,6,2,10,6,2,4,LUNCH/DINNER,CARBOHYDRATE
86,Hunt's Pasta Sauce (Garlic & Herb Flavored) ,(Core Choice - Carbohydrate),*Fixed Serving Size of 1 Serving,Hunt's,See Associated Lunch Foods,Only Give as Option W/83-84,,.5 Cup (125g),40,1,0,0,0,0,0,610,290,8,3,4,1,10,6,2,4,LUNCH/DINNER,CARBOHYDRATE
87,Protein Crunchy Granola Oats 'n Dark Chocolate,(Core Choice - Carbohydrate),,Nature Valley,See Associated Lunch Foods,,,50g (0.5 Cup),210,5,1.5,1,2.5,0,0,140,125,32,2,14,10,0,0,2,10,LUNCH/DINNER,CARBOHYDRATE
88,Apple (Raw With Skin),(Core Choice - Carbohydrate),,Generic ,See Associated Lunch Foods,,,1 Cup,65,0.2,0,0.1,0,0,0,1.2,133.8,17.3,3,13,0.3,1.4,9.6,0.8,0.8,LUNCH/DINNER,CARBOHYDRATE
89,Bananas (Generic / Raw) ,(Core Choice - Carbohydrate),,Generic ,See Associated Lunch Foods,,,42 g ,36,0,0,0,0,0,0,0,148.5,9.9,1,6.3,0.3,0.7,5,0,0.7,LUNCH/DINNER,CARBOHYDRATE
90,Baby Spinach (Organic)  ,(Core Choice - Carbohydrate),*Fixed Serving Size of 1 Serving,Market Side,See Associated Lunch Foods,92,,4 Cups (85g),20,0,0,0,0,0,0,65,0,3,2,0,2,160,40,8,15,LUNCH/DINNER,CARBOHYDRATE
91,Spring Mix Salad (Organic),(Core Choice - Carbohydrate),*Fixed Serving Size of 1 Serving,Market Side,See Associated Lunch Foods,92,,4.5 Cups (85g),20,0,0,0,0,0,0,50,0,3,1,1,2,80,25,6,6,LUNCH/DINNER,CARBOHYDRATE
92,Black Beans (Generic),(Core Choice - Carbohydrate),,Generic,See Associated Lunch Foods,Only Give as Option W/90-91,,4 oz,90,0.5,0,0,0,0,0,460,361,19,6,0,7,0,0,4,10,LUNCH/DINNER,CARBOHYDRATE
93,Pinto Beans (Generic) ,(Core Choice - Carbohydrate),,Generic,See Associated Lunch Foods,,,1 Cup,206,1.9,0.4,0.7,0.4,0,0,705,583,36,11,0.5,11.7,0,3.6,10.3,19.5,LUNCH/DINNER,CARBOHYDRATE
94,Quinoa Rice,(Core Choice - Carbohydrate),,Generic,See Associated Lunch Foods,,,1 Cup,222,4,0,0,0,0,0,13,318,39,5,0,8,0,0,3,15,LUNCH/DINNER,CARBOHYDRATE
95,"Tortilla (Low Carb, Whole Wheat, Large Size) ",(Core Choice - Carbohydrate),*Fixed Serving Size of 1 Serving,La Tortilla Factory,See Associated Lunch Foods,,,1 Tortilla (62g),80,3,0,1,1.5,0,0,300,0,18,12,1,8,0,0,6,8,LUNCH/DINNER,CARBOHYDRATE
96,Xtreme Wellness! High Fiber Low Carb ,(Core Choice - Low Carb / High Fiber) ,*Fixed Serving Size of 1 Serving,Ole Mexican Foods,See Associated Lunch Foods,,,1 Tortilla (45g),90,0,0,0,0,0,0,350,0,14,9,0,5,0,0,15,40,LUNCH/DINNER,CARBOHYDRATE
97,Bread - Whole Grains 100% Whole Wheat Bread ,(Core Choice - Low Carb) ,,Oroweat,See Associated Lunch Foods,Automatically Give Options of 143-147,,1 Slice (38g),90,1,0,0,0,0,0,135,0,16,2,3,4,0,0,4,6,LUNCH/DINNER,CARBOHYDRATE
98,Bread - 12 GrainBread ,(Core Choice - Low Carb) ,,Oroweat,See Associated Lunch Foods,Automatically Give Options of 143-147,,1 Slice (38g),100,2,0,1,0,0,0,135,0,18,2,3,4,0,0,4,6,LUNCH/DINNER,CARBOHYDRATE
99,Bread - 7 Sprouted ,(Core Choice - Carbohydrate),,Ezikiel Bread,See Associated Lunch Foods,Automatically Give Options of 143-147,,1 Slice,80,0.5,0,0,0,0,0,80,80,15,3,1,4,0,0,0,4,LUNCH/DINNER,CARBOHYDRATE
,,,,,AUTOMATIC CHOICES W/SEPECIFIC FOOD,PAIRING OF CORE FOODS (PROTEIN),,SERVING SIZE,CALORIES,FAT (g),SATURATED (g),POLYUNSATURATED (g),MONOUNSATURATED (g),TRANS (g),CHOLESTEROL (mg),SODIUM (mg),POTASSIUM (mg),CARBS (g),FIBER (g),SUGAR (g),PROTEIN (g),VITAMIN A (%),VITAMIN C (%),CALCIUM (%),IRON (%),,
,SNACKS (No particular macro focus),,,,,,,,,,,,,,,,,,,,,,,,,,
100,Protein Bar - Double Chocolate Chip (Quest) ,,*Fixed Serving Size of 1 Serving,Quest Nutrition,,,,1 Bar (60g),180,8,2.5,0,0,0,5,170,140,23,13,1,20,2,0,15,10,SNACKS,
101,Protein Bar - Cookies & Cream (Quest) ,,*Fixed Serving Size of 1 Serving,Quest Nutrition,,,,1 Bar (60g),190,9,2.5,0,0,0,5,210,115,20,14,1,21,0,0,15,4,SNACKS,
102,Cookie - Chocolate Chip,,*Fixed Serving Size of 1 Serving,Protein Cookie,,,,1 Cookie,221,5,0.5,0,0,0,0,0,4.3,29,3,2,15,21.3,0.2,45.2,1.8,SNACKS,
103,Cookie - Oatmeal Raisin ,,*Fixed Serving Size of 1 Serving,Protein Cookie,,,,1 Cookie,262,6,0.5,0,0,0,0,0,7,34,4,2,18,21.3,0.2,45.2,1.8,SNACKS,
104,Protein Shake ( Chocolate or Vanila) ,,,Forza Pro,,,,1 Scoop (40g),150,2,0,0,0,0,45,130,200,2,0,1,30,0,0,20,0,SNACKS,
105,Protein Shake (Chocolate) ,,,Muscle Pharm,,,,1 Scoop (35g),140,1.5,1,0,0,0,75,150,200,5,1,2,25,0,0,13,3,SNACKS,
106,Herbal Life Smoothie (Chocolate) ,,,Herbal Life,,,,1 Shake (8oz),200,4,0,0,0,0,0,435,470,18,3,8,24,70,60,55,50,SNACKS,
107,Almonds - Whole Natural (Blue Diamond - Raw),,,Blue Diamond,,,,28g (About 24 Nuts),160,14,1,0,0,0,0,0,210,6,3,1,6,0,0,8,6,SNACKS,
108,Almonds - (Blue Diamond - Oven Roasted Dark Chocolate),,,Blue Diamond,,,,28g (About 24 Nuts),160,13,1,0,0,0,0,35,180,9,3,4,5,0,0,6,8,SNACKS,
109,String Cheese (Reduced Fat 2% - Kraft) ,,*Fixed Serving Size of 1 Serving,Kraft,,,,1 Stick,60,4,2.5,0,0,0,10,160,0,0,0,0,7,4,0,15,0,SNACKS,
110,Chips - Fat Free Pringles (Sour Cream and Onion),,,Pringles,,,,1 oz (28g / Appro. 15 Chips),70,0,0,0,0,0,0,160,0,15,1,1,1,0,6,0,0,SNACKS,
111,Chips - Fat Free Pringles (Original),,,Pringles,,,,1 oz (28g / Appro. 15 Chips),70,0,0,0,0,0,0,160,0,15,1,1,1,0,6,0,0,SNACKS,
112,Rice Cakes - Chocolate Crunch ,,*Fixed Serving Size of 1 Serving,Quaker ,,,,1 Cake (13g),60,1,0,0,0,0,0,40,0,12,0,4,1,0,0,0,0,SNACKS,
113,Rice Cakes - Carmel Corn ,,*Fixed Serving Size of 1 Serving,Quaker,,,,1 Cake (13g),50,0,0,0,0,0,0,30,0,11,0,3,1,0,0,0,0,SNACKS,
114,Plain Greek Yorgurt (5.3 oz Container) ,,*Fixed Serving Size of 1 Serving,Chobani,,,,1 Container (5.3 oz),90,0,0,0,0,0,10,70,0,7,0,4,15,0,0,15,0,SNACKS,
115,Greek Yogurt - Light & Fit Greek Strawberry ,,*Fixed Serving Size of 1 Serving,Dannon,,,,1 Container (150g),80,0,0,0,0,0,10,55,160,8,0,6,12,0,0,15,0,SNACKS,
116,Greek Yogurt - Light & Fit Greek Cherry ,, *Fixed Serving Size of 1 Serving,Dannon,,,,1 Container (150g),80,0,0,0,0,0,10,45,160,9,0,8,12,0,0,15,0,SNACKS,
117,Plain Greek Yogurt (Fage Greek Single Serve Total 0% - 170g Container) ,,*Fixed Serving Size of 1 Serving,Fage Total 0% - 170g Container,,,,1 Container (6 oz),100,0,0,0,0,0,10,65,0,7,0,7,18,0,0,20,0,SNACKS,
118,Ice Cream - Carmel Delight (Dreyer's - Slow Churned),,,Dryer's,,,,.5 Cup (63g),110,2g,1.5,0,0,0,5,45,0,21,0,16,2,4,0,6,0,SNACKS,
119,Ice Cream - Mint Chocolate Chip (Dreyer's - Slow Churned),,,Dryer's,,,,.5 Cup (62g),110,3g,2.5,0,0,0,5,40,0,18,0,13,2,4,0,6,0,SNACKS,
120,Ice Cream Sandwhich - Cookies 'n Cream (Nestle - Skinny Cow) ,,*Fixed Serving Size of 1 Serving,Nestle,,,,1 Sandwhich (70g),150,2.5,1.5,0,0,0,5,130,0,30,2,15,4,8,0,6,0,SNACKS,
121,Ice Cream Bar - Vanila Almond Crunch (Nestle - Skinny Cow) ,,*Fixed Serving Size of 1 Serving,Nestle,,,,1 Bar (66g),190,11,5,0,0,0,5,45,0,19,2,13,4,8,0,8,4,SNACKS,
122,Strawberry Pastry Crisps (Kellogg's Special K) ,,*Fixed Serving Size of 1 Serving,Kellogg's,,,,2 Crisps (25g),100,2,1,0,0,0,0,80,0,20,1,7,1,0,0,0,2,SNACKS,
123,Cereal Bars - Red Berries (Kellog's Special K) ,,*Fixed Serving Size of 1 Serving,Kellogg's,,,,1 Bar (23g),90,1.5,1,0,0,0,0,85,0,18,3,8,1,0,0,0,0,SNACKS,
124,Carmel Nut Protein Chewy Bar (Fiber One) ,,*Fixed Serving Size of 1 Serving,General Mills,,,,1 Bar (33g),140,6,3.5,0,0,0,5,140,0,17,5,7,6,0,0,2,4,SNACKS,
125,Oats & Chocolate Chewy Bar (Fiber One) ,,*Fixed Serving Size of 1 Serving,General Mills,,,,1 Bar (40g),140,4,2,0,0,0,0,90,0,29,9,10,2,0,0,10,6,SNACKS,
126,Chocolate Fudge Brownies (Fiber One) ,,*Fixed Serving Size of 1 Serving,General Mills,,,,1 Brownie (25g),90,3,1.5,0,0,0,0,90,0,17,5,8,1,0,0,0,6,SNACKS,
,,,,,AUTOMATIC CHOICES W/SEPECIFIC FOOD,PAIRING OF CORE FOODS (PROTEIN),,SERVING SIZE,CALORIES,FAT (g),SATURATED (g),POLYUNSATURATED (g),MONOUNSATURATED (g),TRANS (g),CHOLESTEROL (mg),SODIUM (mg),POTASSIUM (mg),CARBS (g),FIBER (g),SUGAR (g),PROTEIN (g),VITAMIN A (%),VITAMIN C (%),CALCIUM (%),IRON (%),,
,          CONDIMENTS - *Fixed Serving Size of 1 Serving On All Condiments,,,,,,,,,,,,,,,,,,,,,,,,,,
127,          Garlic Lovers Seasoning ,,*Fixed Serving Size of 1 Serving,Flavor God,See Associated Lunch Foods,,,.25 tsp (0.7g),0,0,0,0,0,0,0,40,0,0,0,0,0,0,0,0,0,CONDIMENTS,
128,          Everything Spicy Seasoning ,,*Fixed Serving Size of 1 Serving,Flavor God,See Associated Lunch Foods,,,.25 tsp (0.7g),0,0,0,0,0,0,0,30,0,0,0,0,0,0,0,0,0,CONDIMENTS,
129,          Seasoning,,*Fixed Serving Size of 1 Serving,Mrs. Dash,See Associated Lunch Foods,,,0.25 tsp,0,0,0,0,0,0,0,0,10,0,0,0,0,0,0,0,0,CONDIMENTS,
130,          Black Pepper (Ground),,*Fixed Serving Size of 1 Serving,Generic ,See Associated Lunch Foods,,,1 tsp,5,0.1,0,0,0,0,0,1,26,1.4,0.6,0,0.2,0,1,1,3,CONDIMENTS,
131,          Sweetner ,,*Fixed Serving Size of 1 Serving,Splenda,See Associated Lunch Foods,,,1 Packet,4,0,0,0,0,0,0,0,0,1,0,0,0,0,0,0,0,CONDIMENTS,
132,          Sweetner,,*Fixed Serving Size of 1 Serving,Equal,See Associated Lunch Foods,,,1 Packet,4,0,0,0,0,0,0,0.1,0,1,0,0.8,0,0,0,0,0,CONDIMENTS,
133,          Hot Sauce - Chipotle Flavor,,*Fixed Serving Size of 1 Serving,Tabasco,See Associated Lunch Foods,,,1 tsp,0,0,0,0,0,0,0,120,0,1,0,0,0,0,0,0,0,CONDIMENTS,
134,          Hot Sauce - Original Flavor ,,*Fixed Serving Size of 1 Serving,Tabasco,See Associated Lunch Foods,,,1 tsp,1,0,0,0,0,0,0,29.8,6,0,0,0,0.1,1.5,0.4,0.1,0.3,CONDIMENTS,
135,          Hot Sauce - Salsa Picante,,*Fixed Serving Size of 1 Serving,Tapatio,See Associated Lunch Foods,,,1 tsp,0,0,0,0,0,0,0,110,0,0,0,0,0,0,0,0,0,CONDIMENTS,
136,          Sriracha Hot Chili Sauce ,,*Fixed Serving Size of 1 Serving,Hoy Fong Foods,See Associated Lunch Foods,,,5g,5,0,0,0,0,0,0,80,0,1,0,1,0,0,0,0,0,CONDIMENTS,
137,          Tomato Catsup,,*Fixed Serving Size of 1 Serving,Heinz,See Associated Lunch Foods,,,1 tsp (17g),20,0,0,0,0,0,0,160,57.3,5,0,4,0,2,2,0,0,CONDIMENTS,
138,          Yellow Mustard ,,*Fixed Serving Size of 1 Serving,Heinz,See Associated Lunch Foods,,,1 tsp,0,0,0,0,0,0,0,60,0,0,0,0,0,0,0,0,0,CONDIMENTS,
139,          Mayo (Best Foods Low Fat Mayo - 15 Cal),,*Fixed Serving Size of 1 Serving,Best Foods,See Associated Lunch Foods,,,1 tbsp,15,1,0,0.5,0,0,0,130,0,2,0,1,0,0,0,0,0,CONDIMENTS,
140,          Soy Sauce - Less Sodium ,,*Fixed Serving Size of 1 Serving,Kikkomen,See Associated Lunch Foods,,,1 tbsp,10,0,0,0,0,0,0,575,0,1,0,0,1,0,0,0,0,CONDIMENTS,
141,          Pancake Syrup (Pancake Syrup),,*Fixed Serving Size of 1 Serving,Walden Farms,See Associated Lunch Foods,,,0,0,0,0,0,0,0,0,95,0,0,0,0,0,0,0,0,0,CONDIMENTS,
142,          Pancake Syrup (Sugar Free) ,,*Fixed Serving Size of 1 Serving,"Mrs, Butter's Worth",See Associated Lunch Foods,,,0.2 Cups,20,0,0,0,0,0,0,160,0,16,0,0,0,0,0,0,0,CONDIMENTS,
143,          Almond Butter (Barney Butter) ,,*Fixed Serving Size of 1 Serving,Barney Butter,See Associated Lunch Foods,97-99,,2 Tbsp (36g),180,15,1.5,0,0,0,0,100,0,8,3,3,6,0,0,8,8,CONDIMENTS,
144,          Jif Peanut Butter (Reduced Fat Creamy Peanut Butter Spread) ,,*Fixed Serving Size of 1 Serving,Jif,See Associated Lunch Foods,97-99,,2 Tbsp (36g),190,12,2,3.5,6,0,0,220,0,15,2,4,7,0,0,2,4,CONDIMENTS,
145,          Skippy Peanut Butter (Reduced Fat Creamy Peanut Butter),,*Fixed Serving Size of 1 Serving,Skippy,See Associated Lunch Foods,97-99,,2 Tbsp (36g),180,12,2,0,0,0,0,170,0,14,2,4,7,0,0,0,2,CONDIMENTS,
146,          Jam - Grape Jelly (Concord Grape Jelly- Reduced Sugar),,*Fixed Serving Size of 1 Serving,Welch's,See Associated Lunch Foods,97-99,,1 tsp (17g),20,0,0,0,0,0,0,15,0,5,0,0,5,0,0,0,0,CONDIMENTS,
147,          Spread (Light) ,,*Fixed Serving Size of 1 Serving,I Can't Believe It's Not Butter,See Associated Lunch Foods,97-99,,14g,40,4,1,2,1,0,0,85,0,0,0,0,0,10,0,0,0,CONDIMENTS,