,PALEO,,,,,,,,,,,,,,,,,,,,,,,,,,,
,FOOD / NAME,SPANISH,,,BRAND,AUTOMATIC CHOICES W/SEPECIFIC FOOD,PAIRING OF CORE FOODS (PROTEIN),PAIRING OF SNACK,SERVING SIZE,CALORIES,FAT (g),SATURATED (g),POLYUNSATURATED (g),MONOUNSATURATED (g),TRANS (g),CHOLESTEROL (mg),SODIUM (mg),POTASSIUM (mg),CARBS (g),FIBER (g),SUGAR (g),PROTEIN (g),VITAMIN A (%),VITAMIN C (%),CALCIUM (%),IRON (%),Meal Type,focus
,BREAKFAST CORE CHOICE PART 1 (PROTEIN FOCUS),DESAYUNO OPCIÓN PRINCIPAL PARTE 1 (ENFOQUE PROTEINA),,,,,,,,,,,,,,,,,,,,,,,,,,
0,"Eggs, Grade AA Large Eggs","HUEVOS, CALIDAD AA HUEVOS GRANDES",,,generic,,11-25,,50g,70,4,1,0,0,0,175,65,0,0,0,0,6,6,0,2,0,BREAKFAST,PROTEIN
0,Extra Lean Ham,JAMON EXTRA BAJO EN GRASA,,,generic,,11-25,,2 oz,60,2,1,0,0,0,25,670,0,1,0,1,9,0,0,0,2,BREAKFAST,PROTEIN
0,Cage free Eggs,JAULA LIBRE HUEVOS,,,cage free,,11-25,,1 egg,70,5,2,0,0,0,185,70,70,1,0,0,6,6,0,2,4,BREAKFAST,PROTEIN
0,Egg Whte only,CLARA DE HUEVO SOLAMENTE,,,generic,,11-25,,1 large egg,17,0,0,0,0,0,0,55,54,0,0,0,4,0,0,0,0,BREAKFAST,PROTEIN
0,Thick Cut Bacon,TOCINO CORTE GRUESO,,,generic,,11-25,,12g,60,5,1.5,0,0,0,10,220,0,0,0,0,4,0,4,0,0,BREAKFAST,PROTEIN
0,Paleo Protein Powder,PROTEINA EN POLVO PALEO,,,PaleoPro,,11-25,,30.3g,120,<1,<1,0,0,0,8,364,0,2,<1,<1,25,<1,0,2,6,BREAKFAST,PROTEIN
,BREAKFAST CORE CHOICE PART 2 (CARBOHYDRATE FOCUS),DESAYUNO OPCIÓN PRINCIPAL PARTE 2 (ENFOQUE CARBOHIDRATOS),,,,,,,,,,,,,,,,,,,,,,,,,,
0,Apple,MANZANA,,,generic,,,,1 cup,65,0,0,0,0,0,0,1,134,17,3,13,0,1,10,1,1,,
0,Blackberries,MORAS,,,generic,,,,1 cup,97,1,0,0,0,0,0,2,211,24,8,16,2,3,8,4,7,BREAKFAST,CARBOHYDRATE
0,Papaya,PAPAYA,,,generic,,,,1 cup,60,0,0,0,0,0,0,11,255,15,2,11,1,27,142,3,2,BREAKFAST,CARBOHYDRATE
0,Peaches,DURAZNOS,,,generic,,,,1 cup,60,0,0,0,0,0,0,0,293,15,2,13,1,10,17,1,2,BREAKFAST,CARBOHYDRATE
0,Plums,CIRUELAS,,,generic,,,,1 cup,76,0,0,0,0,0,0,0,259,19,2,16,1,11,26,1,2,BREAKFAST,CARBOHYDRATE
0,Mango,MANGO,,,generic,,,,1 cup,99,1,0,0,0,0,0,2,277,25,3,23,1,36,100,2,1,BREAKFAST,CARBOHYDRATE
0,Blueberries,ARÁNDANOS,,,generic,,,,1 cup,85,1,0,0,0,0,0,1,114,21,4,15,1,1,24,0,1,BREAKFAST,CARBOHYDRATE
0,Grapes,HUVAS,,,generic,,,,1 cup,62,0,0,0,0,0,0,2,176,16,1,15,1,2,6,1,1,BREAKFAST,CARBOHYDRATE
0,Strawberries,FRESAS,,,generic,,,,1 cup,49,0,0,0,0,0,0,2,233,12,3,7,1,0,149,2,3,BREAKFAST,CARBOHYDRATE
0,Watermelon,SANDIA,,,generic,,,,1 cup,46,0,0,0,0,0,0,2,172,12,1,10,1,18,21,1,2,BREAKFAST,CARBOHYDRATE
0,Raspberries,FRAMBUESA,,,generic,,,,1 cup,64,1,0,0,0,0,0,1,186,15,8,5,1,1,54,3,5,BREAKFAST,CARBOHYDRATE
0,Cantaloupe,MELON,,,generic,,,,1 cup,60,0,0,0,0,0,0,28,473,14,2,14,1,120,108,2,2,BREAKFAST,CARBOHYDRATE
0,Tangerine,MANDARINA,,,generic,,,,1 small,40,0,0,0,0,0,0,0,200,10,1,7,1,1,145,2,1,BREAKFAST,CARBOHYDRATE
0,Cauliflower,COLIFLOR,,,generic,,,,85g,25,0,0,0,0,0,0,25,0,4,2,1,2,30,110,4,4,BREAKFAST,CARBOHYDRATE
0,Eggplant,BERENJA,,,generic,,,,1 cup,21,0,0,0,0,0,0,2,188,5,2,3,1,0,3,1,1,BREAKFAST,CARBOHYDRATE
,LUNCH/DINNER CORE CHOICE PART 1 (PROTEIN FOCUS),ALMUERZO/CENA OPCION PRINCIPAL PARTE 1 (ENFOQUE PROTEINA),,,,,,,,,,,,,,,,,,,,,,,,,,
0,Boneless Skinless Breast Fillets,FILETE DE PECHO SIN HUESO Y SIN PIEL ,,,generic,,41-58,,4oz (112g),130,3,4%,0,0,0,65,75,0,0,0,0,26,0,2,0,4,LUNCH/DINNER,PROTEIN
0,Boneless Skinless Thigh Fllets,FILETE DE PIERNA SIN HUESO Y SIN PIEL,,,generic,,41-58,,4oz (112g),130,7,9%,0,0,0,95,95,0,0,0,0,22,0,6,0,6,LUNCH/DINNER,PROTEIN
0,Chicken (whole leg),POLLO (PIERNA ENTERA),,,generic,,41-58,,4oz (112g),210,14,4g,0,0,0,95,90,0,0,0,0,20,2,4,0,6,LUNCH/DINNER,PROTEIN
0,Half Breasts,MEDIO PECHO,,,generic,,41-58,,4oz (112g),190,10,3,0,0,0,70,70,0,0,0,0,23,0,0,0,4,LUNCH/DINNER,PROTEIN
0,Pork Tenderloin,LOMO DE CERDO,,,generic,,41-58,,112g,120,4,1.5,0,0,0,50,270,0,0,0,0,20,0,0,0,0,LUNCH/DINNER,PROTEIN
0,Extra Lean Boneless Thick Cut Original Smoked Pork Chops,EXTRA SIN GRASA CORTE GRUESO CHULETAS DE CERDO AHUMADAS,,,generic,,41-58,,84g,100,4,1.5,0,0,0,45,970,0,0,0,0,15,0,0,0,0,LUNCH/DINNER,PROTEIN
0,Grass-Fed Beef,CARNE DE BACA ALIMENTADA CON PASTO,,,generic,,41-58,,4oz,200,11,5,0,0,0,75,75,0,0,0,0,22,0,0,0,15,LUNCH/DINNER,PROTEIN
0,Salmon Fillets,FILETE DE SALMON,,,generic,,41-58,,4oz,100,1,0.5,0,0,0,40,240,365,0,1,0,21,0,0,0,0,LUNCH/DINNER,PROTEIN
0,Lean Ground beef,CARNE MOLIDA SIN GRASA,,,generic,,41-58,,4oz,180,9,3.5,0,0,0,65,70,0,0,0,0,23,0,0,0,0,LUNCH/DINNER,PROTEIN
0,New York Steak,FILETE NEW YORK,,,generic,,41-58,,178g,367,22,4,0,0,0,112,109,0,0,0,0,38,2,11,3,3,LUNCH/DINNER,PROTEIN
0,"Tilapia, Boneless Skinless","TILAPIA, SIN HUESO SIN PIEL",,,generic,,41-58,,113g,100,1.5,0.5,0,0,0,50,25,0,0,0,0,21,0,2,0,0,LUNCH/DINNER,PROTEIN
0,Halibut,HIPOGLOSO (HALIBUT),,,generic,,41-58,,4oz,126,3,0,0,0,0,0,60,0,0,0,0,23,0,0,0,0,LUNCH/DINNER,PROTEIN
0,Blue Crab,CANGREJO AZUL,,,generic,,41-58,,3oz,74,1,0,0,0,0,66,249,280,0,0,0,15,0,4,8,3,LUNCH/DINNER,PROTEIN
,LUNCH/DINNER CORE CHOICE PART 2 (CARBOHYDRATE FOCUS),ALMUERZO/CENA OPCION PRINCIPAL PARTE 2 (ENFOQUE CARBOHIDRATOS),,,BRAND,,,,SERVING SIZE,CALORIES,FAT (g),SATURATED (g),POLYUNSATURATED (g),MONOUNSATURATED (g),TRANS (g),CHOLESTEROL (mg),SODIUM (mg),POTASSIUM (mg),CARBS (g),FIBER (g),SUGAR (g),PROTEIN (g),VITAMIN A (%),VITAMIN C (%),CALCIUM (%),IRON (%),,
0,Butternut Squash,CARBOHIDRATOS)CALABACITAS,,,generic,,,,1 cup,63,0,0,0,0,0,0,6,493,16,3,3,1,298,49,7,5,LUNCH/DINNER,CARBOHYDRATE
0,Acorn Squash,CALABAZA,,,generic,,,,1 cup,56,0,0,0,0,0,0,4,486,15,2,0,1,10,26,5,5,LUNCH/DINNER,CARBOHYDRATE
0,Yam,PATATA,,,generic,,,,1 cup,177,0,0,0,0,0,0,14,1224,42,6,1,2,4,43,3,5,LUNCH/DINNER,CARBOHYDRATE
0,Sweet Potato,CAMOTE,,,generic,,,,1 cup,114,0,0,0,0,0,0,73,448,27,4,6,2,377,5,4,5,LUNCH/DINNER,CARBOHYDRATE
0,Beets,BETABEL,,,generic,,,,1 cup,58,0,0,0,0,0,0,106,442,13,4,9,2,1,11,2,6,LUNCH/DINNER,CARBOHYDRATE
0,Asparagus,ESPÁRRAGOS,,,generic,,,,1 cup,40,0,0,0,0,0,0,25,403,7,4,2,4,36,23,4,9,LUNCH/DINNER,CARBOHYDRATE
0,Avocado,AGUACATE,,,generic,,,,1 cup,234,21,3,3,14,0,0,10,708,12,10,1,3,4,24,0,4,LUNCH/DINNER,CARBOHYDRATE
0,Artichoke Hearts,CORAZONES DE ALCACHOFA,,,generic,,,,1 cup,30,0,0,0,0,0,0,240,0,6,1,1,2,2,6,2,6,LUNCH/DINNER,CARBOHYDRATE
0,Brussel Sprouts,COLES DE BRUSELAS,,,generic,,,,4oz,48,0,0,0,0,0,0,17,329,9,5,2,4,21,86,3,3,LUNCH/DINNER,CARBOHYDRATE
0,Carrots,ZANAHORIAS,,,generic,,,,1 cup,52,0,0,0,0,0,0,88,410,12,4,6,1,428,13,4,2,LUNCH/DINNER,CARBOHYDRATE
0,Spinach,ESPINACAS,,,generic,,,,85g,20,0,0,0,0,0,0,65,470,3,2,0,2,160,40,8,15,LUNCH/DINNER,CARBOHYDRATE
0,Celery,APIO,,,generic,,,,1 cup,16,0,0,0,0,0,0,81,263,3,2,1,1,9,5,4,1,LUNCH/DINNER,CARBOHYDRATE
0,Broccoli,BROCOLI,,,generic,,,,1 cup,31,0,0,0,0,0,0,30,288,6,2,2,3,11,135,4,4,LUNCH/DINNER,CARBOHYDRATE
0,Roasted Zucchini,CALABACIN ASADO,,,generic,,,,4oz,25,1,0,0,0,0,0,40,290,3,1,2,1,41,16,2,2,LUNCH/DINNER,CARBOHYDRATE
0,Cauliflower,COLIFLOR,,,generic,,,,1 cup,25,0,0,0,0,0,0,30,303,5,3,2,2,0,77,2,2,LUNCH/DINNER,CARBOHYDRATE
0,Parsley,PEREJIL,,,generic,,,,1 cup,22,0,0,0,0,0,0,34,332,4,2,1,2,101,133,8,21,LUNCH/DINNER,CARBOHYDRATE
0,Eggplant,BERENJENA,,,generic,,,,1 cup,21,0,0,0,0,0,0,2,188,5,2,3,1,0,3,1,1,LUNCH/DINNER,CARBOHYDRATE
0,Green Onions,CEBOLLA VERDE,,,generic,,,,1oz,10,0,0,0,0,0,0,0,80,2,1,1,1,9,6,2,2,LUNCH/DINNER,CARBOHYDRATE
,SNACKS (No particular macro focus),BOTANAS(NO ENFOQUE MACRO),,,,,,,,,,,,,,,,,,,,,,,,,,
0,Almonds,ALMENDRAS,,,generic,,,,1/2 cup,313,27,2,7,17,0,0,1,396,12,7,2,11,0,0,15,11,SNACKS,
0,Cashews,ANACARDOS,,,generic,,,,50g,277,22,4,4,12,0,0,6,330,15,2,3,9,0,0,2,19,SNACKS,
0,Hazelnuts,AVELLANA,,,generic,,,,1/2 cup,361,35,3,5,26,0,0,0,391,10,6,2,9,0,6,7,15,SNACKS,
0,Pecans,PACANA,,,generic,,,,1/2 cup,377,39,3,12,22,0,0,0,223,8,5,2,5,1,1,4,8,SNACKS,
0,Pine Nuts,PIÑONES,,,generic,,,,1/2 cup,454,46,3,23,13,0,0,1,403,9,2,2,9,0,1,1,21,SNACKS,
0,Sunflower Seeds,SEMILLAS DE GIRASOL,,,generic,,,,1/2 cup,134,12,1,5,4,0,0,2,148,5,2,1,5,0,1,2,7,SNACKS,
0,Macadamia Nuts,NUECES DE MACADAMIA,,,generic,,,,1/2 cup,481,51,8,1,39,0,0,3,247,9,6,3,5,0,1,6,14,SNACKS,
0,Walnuts,NUECES,,,generic,,,,1/2 cup,400,40,4,28,5,0,0,2,260,8,4,2,10,0,2,4,8,SNACKS,