,Macros Part 2,,,,,,,,,,,,,,,,,,,,,,,,,,,
,FOOD / NAME,Spanish,,,BRAND,AUTOMATIC CHOICES W/SEPECIFIC FOOD,PAIRING OF CORE FOODS (PROTEIN),PAIRING OF SNACK,SERVING SIZE,CALORIES,FAT (g),SATURATED (g),POLYUNSATURATED (g),MONOUNSATURATED (g),TRANS (g),CHOLESTEROL (mg),SODIUM (mg),POTASSIUM (mg),CARBS (g),FIBER (g),SUGAR (g),PROTEIN (g),VITAMIN A (%),VITAMIN C (%),CALCIUM (%),IRON (%),Meal Type,Focus
,BREAKFAST CORE CHOICE PART 1 (PROTEIN FOCUS),DESAYUNO OPCIÓN PRINCIPAL PARTE 1(ENFOQUE PROTEINA),,,,,,,,,,,,,,,,,,,,,,,,,,
1,Protein Powder - PB Banana Bread Vegan Protein,POLVO DE PROTEINA-PB BANANA BREAD,,,MyOatmeal,44-53,18-40,,40 g,155,1.6,0.1,,,0,0,169.4,,14.4,0.5,9.3,22,0.02,1.67,0,11.11,BREAKFAST,PROTEIN
1,Protein Powder - Chai Latte Vegan Protein,POLVO DE PROTEINA- CHAI LATTE,,,MyOatmeal,44-53,18-40,,40 g,150.7,1.2,0.1,,,0,0,165.6,,14.9,0,10.6,22.7,0,0,0.1,11.11,BREAKFAST,PROTEIN
1,Protein Powder - Pumpkin Spice Vegan Protein,POLVO DE PROTEINA- PUMPKIN SPICE LATTE,,,MyOatmeal,44-53,18-40,,40 g,152.1,1.1,0.1,,,0,0,157.5,,26.4,0,12.1,20.6,,,0.1,11.11,BREAKFAST,PROTEIN
1,Protein Powder - Vanilla ,POLVO DE PROTEINA- VAINILLA,,,Vega Sport Performance Protein,44-53,18-40,,41 g,150,3,0,,,0,0,390,,4,2,1,30,0,0,15,20,BREAKFAST,PROTEIN
1,Protein Powder - Chocolate,POLVO DE PROTEINA- CHOCOLATE,,,Vega Sport Performance Protein,44-53,18-40,,41 g,160,3,0.5,,,0,,370,,6,2,1,30,0,0,15,25,BREAKFAST,PROTEIN
1,Protein Powder - Mocha,POLVO DE PROTEINA- MOCHA,,,Vega Sport Performance Protein,44-53,18-40,,41 g,150,3,0,,,0,,370,,5,3,1,30,0,0,15,20,BREAKFAST,PROTEIN
1,Protein Powder - Berry,POLVO DE PROTEINA- FRAMBUESA,,,Vega Sport Performance Protein,44-53,18-40,,41 g,150,3,0,,,0,,390,,2,2,1,30,0,4,15,20,BREAKFAST,PROTEIN
1,Protein Powder - Chocolate,POLVO DE PROTEINA-  CHOCOLATE,,,Vega OneNutritional Shake,44-53,18-40,,46 g,170,6,1,3,1,0,0,30,360,13,7 g,1,20,90,80,20,30,BREAKFAST,PROTEIN
1,Protein Powder - Organic Hemp ,POLVO DE PROTEINA- ORGANIC HEMP,,,Nutiva,44-53,18-40,,3 Tbsp (30 g),90,3,0,,,0,0,0,,9,8,1,15,,,,,BREAKFAST,PROTEIN
1,Protein Powder - Creamy Chocolate Fudge Organic Protein ,POLVO DE PROTEINA- CREAMY CHOCALTE FUDGE ORGANIC PROTEIN,,,Orgain,44-53,18-40,,46 g,150,4,0,,,0,0,,,13,5,1,21,0,0,4,15,BREAKFAST,PROTEIN
1,Garden Grown Protein - Good Start Breakfast Patties,GARDEN GROWN PROTEIN,,,Gardein,44-53,18-40,,1 Patty (52 g),90,4.5,0,,,0,0,250,,5,2,1,9,0,0,2,6,BREAKFAST,PROTEIN
,,,,,,,,,,,,,,,,,,,,,,,,,,,,
,FOOD / NAME,,,,BRAND,,,,SERVING SIZE,CALORIES,FAT (g),SATURATED (g),POLYUNSATURATED (g),MONOUNSATURATED (g),TRANS (g),CHOLESTEROL (mg),SODIUM (mg),POTASSIUM (mg),CARBS (g),FIBER (g),SUGAR (g),PROTEIN (g),VITAMIN A (%),VITAMIN C (%),CALCIUM (%),IRON (%),,
,BREAKFAST CORE CHOICE PART 2 (CARBOHYDRATE FOCUS),DESAYUNO OPCIÓN PRINCIPAL PARTE 2(ENFOQUE CARBOHIDRATOS),,,,,,,,,,,,,,,,,,,,,,,,,,
1,Oatmeal - Cherry Amaretto,AVENA- CHERRY AMARETTO,,,MyOatmeal,,,,40 g,149.2,1.9,0,,,0,0,2.1,,31.1,3,14.1,3.1,0,0,0,0,BREAKFAST,CARBOHYDRATE
1,Oatmeal - Blueberry Proats (Protein Oatmeal),AVENA-BLUEBERRY PROATS,,,MyOatmeal,,,,50 g,187,2.8,0,,,0,0,0.9,,29.4,1.9,3.9,12,0,1.67,0,0,BREAKFAST,CARBOHYDRATE
1,Oatmeal - Peanut Butter S'mores,AVENA-PEANUT BUTTER S'MORES,,,MyOatmeal,,,,40 g,164.5,3.6,1.2,,,0,0,58.4,,29.5,1.8,11.2,4.1,1,0,0,0,BREAKFAST,CARBOHYDRATE
1,Oatmeal - Peaches & Cream,AVENA-PEACHES & CREAM,,,MyOatmeal,,,,40 g,147,2,0,,,0,0,1,,30,2,13,3,0,0,0,0,BREAKFAST,CARBOHYDRATE
1,Brown Rice Pasta - Spiral,PASTA DE ARROZ INTEGRAL,,,Tinkyada,,,,2 oz,210,2,0.5,,,0,0,15,,43,2,0,4,0,0,0,4,BREAKFAST,CARBOHYDRATE
1,Ezekiel 4:9 Flax Sprouted Whole Grain Bread,EZEKIEL 4:9 SPROUTED WHOLE GRAIN BREAD,,,Food For Life,,,,1 Slice / (34 g),80,1,0,,,0,0,70,0,14,4,0,5,0,0,0,4,BREAKFAST,CARBOHYDRATE
1,7 Sprouted Grains Bread,7 SPROUTED GRAINS BREAD,,,Food For Life,,,,1 Slice / (34 g),80,0.5,0,,,0,0,80,80,15,3,1,4,0,0,0,4,BREAKFAST,CARBOHYDRATE
1,Autum Wheat Whole Wheat Biscuits Cereal - Organic Promise,AUTUM WHEAT WHOLE WHEAT BISCUITS CEREAL,,,Kashi,,,,1.9 oz / (54 g),180,1,0,,,0,0,0,,43,6,7,6,0,0,0,8,BREAKFAST,CARBOHYDRATE
1,Cinnamon Harvest Whole Wheat Biscuits Cereal - Organic Promise,Cinnamon Harvest Whole Wheat Biscuits Cereal - Organic Promise,,,Kashi,,,,1.9 oz / (55 g),180,1,0,,,0,0,0,,43,5,9,6,0,0,0,8,BREAKFAST,CARBOHYDRATE
1,Go Lean Crunch Cereal,Go Lean Crunch Cereal,,,Kashi,,,,53g,190,3,0,1,1.5,0,0,100,330,38,8,13,9,0,0,2,8,BREAKFAST,CARBOHYDRATE
1,Captain Crunch Cereal,Captain Crunch Cereal,,,General Mills,,,,0.8 Cup,110,1.5,1,0,0,0,0,200,50,23,1,12,1,0,0,0,25,BREAKFAST,CARBOHYDRATE
1, Corn Chex Cereal, Corn Chex Cereal,,,General Mills,,,,1 Cup / (31 g),120,0.5,0,0,0,0,0,240,60,26,2,3,2,10,10,10,45,BREAKFAST,CARBOHYDRATE
1,Core Choice - Carbohydrate) Cream of Wheat Hot Cereal,Core Choice - Carbohydrate) Cream of Wheat Hot Cereal,,,Instant Cream of Wheat,,,,1 Packet,100,0,0,0,0,0,0,170,35,20,1,0,3,25,0,20,45,BREAKFAST,CARBOHYDRATE
1,Fiber One Original Cereal,Fiber One Original Cereal,,,General Mills,,,,0.5 Cup / (30 g),60,1,0,0.5,0,0,0,110,110,25,14,0,2,0,10,10,25,BREAKFAST,CARBOHYDRATE
1,Special K Red Berries Cereal,Special K Red Berries Cereal,,,Kellogg's,,,,1 Cup / (31 g),110,0,0,0,0,0,0,190,70,27,3,9,2,15,35,0,45,BREAKFAST,CARBOHYDRATE
1,Organic Sprouted Brown Rice Crisps - Cocao,Organic Sprouted Brown Rice Crisps - Cocao,,,One Degree Organic Foods,,,,30 g,120,6,0.5,,,0,0,50,,16,1,7,2,0,2,0,6,BREAKFAST,CARBOHYDRATE
1,Organic Crunchy Vanilla Sunrise Cereal,Organic Crunchy Vanilla Sunrise Cereal,,,Nature's Path,,,,30 g,110,1,0,,,0,0,135,,25,3,6,2,0,0,0,4,BREAKFAST,CARBOHYDRATE
1,Vanilla Almond Clusters & Almonds ,Vanilla Almond Clusters & Almonds ,,,Peace Cereal,,,,1 Cup / (55 g),240,6,0.5,,,0,0,210,,42,3,11,5,0,0,2,6,BREAKFAST,CARBOHYDRATE
1,Plain Soy Yogurt,YOGUR DE SOYA,,,Silk,,,,1 Container / (5.3 oz),150,4,0.5,0,0,0,0,22.9,0,22,0.9,12,6,0,49.9,30,0,BREAKFAST,CARBOHYDRATE
1,Plain Soy Yogurt,YOGUR DE SOYA,,,Whole Soy & Co,,,,1 Container / (170 g),150,4.5,0.5,,,0,0,15,,19,1,13,8,2,2,35,4,BREAKFAST,CARBOHYDRATE
1,Plain Soy Yogurt - Probiotic Soyogurt,Plain Soy Yogurt - Probiotic Soyogurt,,,Wildwood,,,,6 oz / (170 g),120,4,0.5,,,0,0,75,320,16,6,2,8,2,,25,10,BREAKFAST,CARBOHYDRATE
1,Coconut Milk Yogurt - Vanilla, YOGUR DE LECHE DE COCO - VAINILLA,,,So Delicious,,,,1 Container / (170 g),150,6,6,0,0,0,0,5,0,22,2,19,1,0,0,25,8,BREAKFAST,CARBOHYDRATE
1,Coconut Milk Yogurt - Chocolate,YOGUR DE LECHE DE COCO - CHOCOLATE,,,So Delicious,,,,1 Container / (170 g),170,6,6,0,0,0,0,35,0,28,3,24,2,0,0,25,6,BREAKFAST,CARBOHYDRATE
,,,,,,,,,,,,,,,,,,,,,,,,,,,,
,FOOD / NAME,COMIDA/NOMBRE,,,BRAND,,,,SERVING SIZE,CALORIES,FAT (g),SATURATED (g),POLYUNSATURATED (g),MONOUNSATURATED (g),TRANS (g),CHOLESTEROL (mg),SODIUM (mg),POTASSIUM (mg),CARBS (g),FIBER (g),SUGAR (g),PROTEIN (g),VITAMIN A (%),VITAMIN C (%),CALCIUM (%),IRON (%),,
,          OPTIONS TO GO W/ BREAKFAST CORE CHOICES ,(OPCIONES PARA LLEVAR DESAYUNO PRINCIPAL),,,,,,,,,,,,,,,,,,,,,,,,,,
1,         Strawberries ,FRESAS,,,Generic ,,,,100 g,32,0.3,,,,,0,1,153,7.7,2,,0.67,0.5,98,1.6,5,BREAKFAST,OPTIONS
1,         Bananas ,BANANAS,,,Generic ,,,,100 g,90,0.33,,,,,0,1,358,22.84,2.6,,1.09,2,15,0.5,2,BREAKFAST,OPTIONS
1,         Blueberries ,ARANDANOS,,,Generic ,,,,100 g,57,0.33,,,,,0,1,77,14.49,2.4,,0.74,2,1.5,0.5,3.5,BREAKFAST,OPTIONS
1,         Grapes,UVAS,,,Generic,,,,100 g,69,0.16,,,,,0,1,191,18,0.9,,0.72,3,18,1,4.5,BREAKFAST,OPTIONS
1,         Kiwi,KIWIS,,,Generic,,,,100 g,61,0.52,,,,,0,3,312,14.66,3,,1,3,154,3.5,4,BREAKFAST,OPTIONS
1,         Peaches,DURAZNOS,,,Generic,,,,100 g,39,0.25,,,,,0,0,190,9.54,1.5,,0.91,11,11,0.6,3,BREAKFAST,OPTIONS
1,         Pears,PERAS,,,Generic,,,,100 g,58,0.12,,,,,0,1,119,13.81,3.1,,0.38,1,7,1,2,BREAKFAST,OPTIONS
1,         Apple ,MANZANA,,,Generic ,,,,100 g,52,0.17,,,,,0,1,107,13.81,2.4,,0.26,2,8,0.6,1,BREAKFAST,OPTIONS
1,         Grapefruit,TORONJA,,,Generic,,,,100 g,42,0.14,,,,,0,0,135,10.7,1.7,,0.77,38,52,2,1,BREAKFAST,OPTIONS
1,"         Almond Milk (Almond Breeze, Original Flavor - Bluediamond 30 Calories) *Fixed Serving Size of 1 Serving",LECHE DE ALMENDRA- TAMAÑO FIJO DE UNA PORCION,,,Blue Diamond,,,,8 oz / (1 Cup),30,2.5,0,0,0,0,0,180,170,2,1,0,1,10,0,45,4,BREAKFAST,OPTIONS
,,,,,,,,,,,,,,,,,,,,,,,,,,,,
,FOOD / NAME,,,,BRAND,,,,SERVING SIZE,CALORIES,FAT (g),SATURATED (g),POLYUNSATURATED (g),MONOUNSATURATED (g),TRANS (g),CHOLESTEROL (mg),SODIUM (mg),POTASSIUM (mg),CARBS (g),FIBER (g),SUGAR (g),PROTEIN (g),VITAMIN A (%),VITAMIN C (%),CALCIUM (%),IRON (%),,
,LUNCH/DINNER CORE CHOICE PART 1 (PROTEIN FOCUS),ALMUERZO/CENA OPCIONES PRINCIPALES PARTE 1 (ENFOQUE PROTEINA),,,,,,,,,,,,,,,,,,,,,,,,,,
1,Garden Grown Protein - Mandarin Crispy Chick'n,Garden Grown Protein - Mandarin Crispy Chick'n,,,Gardein,,,,72 g,130,4.5,0,,,0,0,280,,12,1,0,10,0,0,2,10,LUNCH/DINNER,PROTEIN
1,Garden Grown Protein - Seven Grain Crispy Tenders,Garden Grown Protein - Seven Grain Crispy Tenders,,,Gardein,,,,51 g,100,4.5,0,,,0,0,240,,8,1,0,8,0,0,2,6,LUNCH/DINNER,PROTEIN
1,Garden Grown Protein - Lightly Seasoned Chick'n Scallopini,Garden Grown Protein - Lightly Seasoned Chick'n Scallopini,,,Gardein,,,,71 g,100,5,0,,,0,0,310,,4,1,1,9,2,0,2,6,LUNCH/DINNER,PROTEIN
1,Garden Grown Protein - Zesty Marinara Crispy Chicken Filets,Garden Grown Protein - Zesty Marinara Crispy Chicken Filets,,,Gardein,,,,2 Filets / (125 g),260,11,0.5,,,0,0,340,,19,2,1,21,0,0,4,10,LUNCH/DINNER,PROTEIN
1,Garden Grown Protein - Crispy Chick'n Patty,Garden Grown Protein - Crispy Chick'n Patty,,,Gardein,,,,1 Patty / (88 g),180,8,0.5,,,0,0,310,,12,3,0,14,0,0,4,10,LUNCH/DINNER,PROTEIN
1,Garden Grown Protein - Chipotle Lime Crispy Fingers,Garden Grown Protein - Chipotle Lime Crispy Fingers,,,Gardein,,,,2 Pieces / (90 g),200,9,0.5,,,0,0,360,,16,2,1,15,0,2,4,15,LUNCH/DINNER,PROTEIN
1,Garden Grown Protein - Sweet and Tangy Barbecue Wings,Garden Grown Protein - Sweet and Tangy Barbecue Wings,,,Gardein,,,,4 Wings / (72 g),110,5,0,,,0,0,300,,4,2,0,14,0,0,2,10,LUNCH/DINNER,PROTEIN
1,Garden Grown Protein - The Ultimate Beefless Ground,Garden Grown Protein - The Ultimate Beefless Ground,,,Gardein,,,,0.5 Cup / (57 g),80,1.5,0,,,0,0,230,,5,3,1,12,0,0,6,10,LUNCH/DINNER,PROTEIN
1,Garden Grown Protein - The Ultimate Beefless Burger,Garden Grown Protein - The Ultimate Beefless Burger,,,Gardein,,,,1 Buger / (85 g),130,5,0,,,0,0,330,,8,3,1,15,0,0,4,15,LUNCH/DINNER,PROTEIN
1,Garden Grown Protein - Golden Fishless Filets,Garden Grown Protein - Golden Fishless Filets,,,Gardein,,,,2 Pieces / (96 g),180,10,0.5,,,0,0,340,,14,3,0,9,0,0,4,6,LUNCH/DINNER,PROTEIN
1,Garden Grown Protein - Savory Stuffed Turk'y,Garden Grown Protein - Savory Stuffed Turk'y,,,Gardein,,,,1 Piece / (150 g),290,10,1,,,0,0,510,,28,3,3,23,0,2,4,15,LUNCH/DINNER,PROTEIN
1,Garden Grown Protein - Lightly Breaded Turk'y Cutlet,Garden Grown Protein - Lightly Breaded Turk'y Cutlet,,,Gardein,,,,2 Cutlets / (125 g),260,11,1,,,0,0,350,,19,3,1,22,0,2,4,10,LUNCH/DINNER,PROTEIN
1,100% Plant Protein - Beast Burger,100% Plant Protein - Beast Burger,,,Beyond Meat,,,,1 Patty / (4 oz),140,16,2,,,0,0,480,,7,4,0,23,20,20,15,20,LUNCH/DINNER,PROTEIN
1,100% Plant Protein - Beyond Chicken Homestyle Tenders,100% Plant Protein - Beyond Chicken Homestyle Tenders,,,Beyond Meat,,,,3 Tenders / (85 g ),220,11,1,,,0,0,450,,15,2,0,13,0,0,4,15,LUNCH/DINNER,PROTEIN
1,100% Plant Protein - Beyond Beef Feisty Crumble,100% Plant Protein - Beyond Beef Feisty Crumble,,,Beyond Meat,,,,0.5 Cup / (55 g),110,5,0,,,0,0,340,,3,1,1,13,2,2,2,2,LUNCH/DINNER,PROTEIN
1,100% Plant Protein - Beyond Beef Italian Meatballs,100% Plant Protein - Beyond Beef Italian Meatballs,,,Beyond Meat,,,,4 Balls / (85 g),200,12,2,,,0,0,360,,6,3,0,18,2,0,10,4,LUNCH/DINNER,PROTEIN
1,Tofu,Tofu,,,Generic,,,,1 oz,46,4,0.6,0.5,,,0,13,40.4,1.2,0,0.5,1.6,0,0.2,1.1,2.2,LUNCH/DINNER,PROTEIN
1,Tempeh,Tempeh,,,Generic,,,,100 g,197,11.4,3.4,2.6,3.7,0,0,14,401,9.4,0,0,18.2,0,0,9.6,11.8,LUNCH/DINNER,PROTEIN
1,Edamame,Edamame,,,Generic,,,,100 g,110,4.73,,,,0,0,6,482,8.58,4.8,,10.25,0,16,6,26,LUNCH/DINNER,PROTEIN
,,,,,,,,,,,,,,,,,,,,,,,,,,,,
,FOOD / NAME,,,,BRAND,,,,SERVING SIZE,CALORIES,FAT (g),SATURATED (g),POLYUNSATURATED (g),MONOUNSATURATED (g),TRANS (g),CHOLESTEROL (mg),SODIUM (mg),POTASSIUM (mg),CARBS (g),FIBER (g),SUGAR (g),PROTEIN (g),VITAMIN A (%),VITAMIN C (%),CALCIUM (%),IRON (%),,
,LUNCH/DINNER CORE CHOICE PART 2 (CARBOHYDRATE FOCUS),ALMUERZO/CENA OPCION PRINCIPAL PARTE 2 (ENFOQUE CARBOHIDRATOS),,,,,,,,,,,,,,,,,,,,,,,,,,
1,Sweet Potatoes,CAMOTE,,,Generic,113-127,79-97,,100 g,86,0.05,,,,,0,55,337,20.12,3,,1.6,473,4,3,7.5,LUNCH/DINNER,CARBOHYDRATE
1,Red Potatoes ,PAPAS ROJAS,,,Generic,113-127,79-97,,100 g,70,0.1,,,,,0,6,455,15.9,2.5,,1.89,1,20,1,9,LUNCH/DINNER,CARBOHYDRATE
1,Yellow Potatoes ,PAPAS AMARILLAS,,,Generic,113-127,79-97,,5.3 oz (148g),110,0,0,0,0,0,0,0,0,26,0,0,3,0,0,0,0,LUNCH/DINNER,CARBOHYDRATE
1,Brown Rice (Whole Grain - Uncle Ben's),ARROZ INTEGRAL (WHOLE GRAIN UNCLE BENS),,,(WHOLE GRAIN UNCLE BENS,113-127,79-97,,1 Cup Cooked,180,1.5,0,0,0,0,0,0,105,36,2,0,4,0,0,0,4,LUNCH/DINNER,CARBOHYDRATE
1,White Rice (Jasmine),ARROZ BLANCO (JASMINE),,,Jasmine,113-127,79-97,,1 Cup Cooked,205,0,0,0,0,0,0,2,0,45,1,0,4,0,0,0,0,LUNCH/DINNER,CARBOHYDRATE
1,Quinoa Rice,ARROZ QUINUA,,,Generic,113-127,79-97,,100 g,368,6.07,,,,,0,5,563,64.16,7,,14.12,0.5,,5,57,LUNCH/DINNER,CARBOHYDRATE
1,Lima Beans,GRANOS DE LIMA,,,Generic,113-127,79-97,,100 g,338,0.69,,,,,0,18,1724,63.38,19,,21.46,0,0,8,94,LUNCH/DINNER,CARBOHYDRATE
1,Pinto Beans,GARBANZOS,,,Generic,113-127,79-97,,1 Cup,206,1.9,0.4,0.7,0.4,0,0,705.6,583.2,36.6,11,0.5,11.7,0,3.6,10.3,19.5,LUNCH/DINNER,CARBOHYDRATE
1,Chickpease,FRIJOLES,,,Generic,113-127,79-97,,1 Cup / (164 g),269,4.2,0.4,1.9,,0,,,,45,12.5,7.9,14.5,1,4,8,26,LUNCH/DINNER,CARBOHYDRATE
1,Kidney Beans,FRIJOLES NEGROS,,,Generic,113-127,79-97,,130 g,100,0,0,0,0,0,0,15,440,18,10,1,8,0,0,6,8,LUNCH/DINNER,CARBOHYDRATE
1,Black Beans,LENTEJAS,,,Eurest,113-127,79-97,,0.5 Cup,98,1.8,0.2,0.1,0,0,0.1,283.8,269.3,15.6,5.5,1.3,5.3,5.2,21.9,2.2,7.5,LUNCH/DINNER,CARBOHYDRATE
1,Lentils,,,,Generic,113-127,79-97,,1 Cup,230,0.8,0.1,0.3,0.1,0,0,4,731,40,16,4,18,0,5,4,37,LUNCH/DINNER,CARBOHYDRATE
1,Barilla Whole Grain Pasta ,,,,Barilla,113-127,79-97,,2 oz (56g),180,1.5,0,0,0,0,0,0,0,39,6,2,8,0,0,0,20,LUNCH/DINNER,CARBOHYDRATE
1,Barilla Whole Grain Spaghetti,,,,Barilla,113-127,79-97,,2 oz (56g),180,1.5,0,0,0,0,0,0,0,39,6,2,8,0,0,0,20,LUNCH/DINNER,CARBOHYDRATE
1,Bread - Whole Grains 100% Whole Wheat Bread (Oroweat),,,,Oroweat,113-127,79-97,,1 Slice (38g),90,1,0,0,0,0,0,135,0,16,2,3,4,0,0,4,6,LUNCH/DINNER,CARBOHYDRATE
1,Bread - 7 Sprouted (Ezekiel Bread),PAN- 7 BROTADO (SAME),,,Ezikiel Bread,113-127,79-97,,1 Slice,80,0.5,0,0,0,0,0,80,80,15,3,1,4,0,0,0,4,LUNCH/DINNER,CARBOHYDRATE
1,Black-Eyed Peas,CHICHAROS NEGROS,,,Generic,113-127,79-97,,0.5 Cup,107,0.7,0.2,0.2,0,0,0,3.7,251.5,18.7,5.8,3,6.9,0.3,0.8,2.2,12.5,LUNCH/DINNER,CARBOHYDRATE
1,Quinoa,QUINUA,,,Generic,113-127,79-97,,1 Cup,224,6,1,0,0,0,0,274,0,31,7,2,8,0,0,2,28,LUNCH/DINNER,CARBOHYDRATE
1,Peas,CHICHAROS,,,Generic,113-127,79-97,,100 g,81,0.4,,,,,0,5,244,14.45,5.1,,5.42,25.5,67,2.5,18,LUNCH/DINNER,CARBOHYDRATE
,,,,,,,,,,,,,,,,,,,,,,,,,,,,
,FOOD / NAME,,,,BRAND,,,,SERVING SIZE,CALORIES,FAT (g),SATURATED (g),POLYUNSATURATED (g),MONOUNSATURATED (g),TRANS (g),CHOLESTEROL (mg),SODIUM (mg),POTASSIUM (mg),CARBS (g),FIBER (g),SUGAR (g),PROTEIN (g),VITAMIN A (%),VITAMIN C (%),CALCIUM (%),IRON (%),,
,,,,,,,,,,,,,,,,,,,,,,,,,,,,
,OPTIONS TO GO W/LUNCH & DINNER CORE CHOICES,OPCIONES PARA LLEVAR/ALMUERZO Y CENA OPCIONES PRICIPALES,,,,,,,,,,,,,,,,,,,,,,,,,,
1,Spinach ,ESPINACAS,,,Generic,,,,100 g,23,0.39,,,,,0,79,558,3.63,2.2,,2.86,312,47,10,34,LUNCH/DINNER,OPTIONS
1,Spring Mix Salad (Market Side - Organic),,,,Market Side,,,,4.5 Cups (85g),20,0,0,0,0,0,0,50,0,3,1,1,2,80,25,6,6,LUNCH/DINNER,OPTIONS
1,Broccoli,BROCOLI,,,Generic ,,,,100 g,34,0.37,,,,,0,33,316,6.64,2.6,,2.82,21,149,5,9,LUNCH/DINNER,OPTIONS
1,Asparagus,ESPARRAGOS,,,Generic,,,,100 g,20,0.12,,,,,0,2,202,3.38,2.1,,2.2,25,9,2.5,5,LUNCH/DINNER,OPTIONS
1,Green Beans,EJOTES,,,Generic,,,,100 g,31,0.34,,,,,0,6,209,7.13,3.4,,1.82,23,27,3.7,13,LUNCH/DINNER,OPTIONS
1,Cauliflower,COLIFLOR,,,Generic,,,,100 g,25,0.28,,,,,0,30,299,4.97,2,,1.92,0,80,2,5,LUNCH/DINNER,OPTIONS
1,Zucchini Squash,CALABACITAS,,,Generic,,,,100 g,17,0.32,,,,,0,8,261,3.11,1,,1.21,7,30,1.6,5,LUNCH/DINNER,OPTIONS
1,Bok Choy Greens,BOK CHOY VERDES,,,Generic,,,,100 g,13,0.2,,,,,0,65,252,2.18,1,,1.5,149,75,10.5,10,LUNCH/DINNER,OPTIONS
1,Bell Peppers,PIMIENTOS,,,Generic,,,,100 g,31,0.3,,,,,0,4,211,,2.1,,0.99,101,213,1,5,LUNCH/DINNER,OPTIONS
,,,,,,,,,,,,,,,,,,,,,,,,,,,,
,SNACKS (No particular macro focus),,,,,,,,,,,,,,,,,,,,,,,,,,,
1,The Complete Chocolate Chip Cookie,ENTERA GALLETA CON CHISPAS DE CHOCOLATE,,,Lenny & Larry's,,,,2 oz / (56.5 g),190,6,1.5,,,0,0,220,,27,3,15,8,2,2,7,11,SNACKS ,
1,The Double Chocolate Complete Cookie,ENTERA GALLETA CON DOBLE CHISPAS DE CHOCOLATE,,,Lenny & Larry's,,,,2 oz / (56.5 g),210,6,1.5,,,0,0,240,,29,3,15,8,10,0,6,11,SNACKS ,
1,The Peanut Butter Complete Cookie,ENTERA GALLETA DE MANTEQUILLA DE MANI (PEANUT BUTTER COOKIE),,,Lenny & Larry's,,,,2 oz / (56.5 g),210,7,1.5,,,0,0,290,,29,3,12,8,8,0,7,11,SNACKS ,
1,The Pumpkin Complete Cookie,ENTERA GALLETA DE CALABAZA,,,Lenny & Larry's,,,,2 oz / (56.5 g),210,7,1.5,,,0,0,150,,29,3,16,8,10,0,4,11,SNACKS ,
1,Wild Rice Organic Rice Cakes ,PASTELES DE ARROZ SALVAJES ARROZ ORGANICO,,,Lundberg,,,,1 Piece,60,0.5,0,,,0,0,35,,14,1,0,1,0,0,0,4,SNACKS ,
1,Brown Rice Organic Rice Cakes,PASTELES DE ARROZ INTEGRAL ARROZ ORGANICO,,,Lundberg,,,,1 Piece,60,0.5,0,,,0,0,35,,14,1,0,1,0,0,0,2,SNACKS ,
1,Strawberries ,FRESAS,,,Generic ,,,,100 g,32,0.3,,,,,0,1,153,7.7,2,,0.67,0.5,98,1.6,5,SNACKS ,
1,Bananas ,PLATANOS,,,Generic ,,,,100 g,90,0.33,,,,,0,1,358,22.84,2.6,,1.09,2,15,0.5,2,SNACKS ,
1,Blueberries ,ARÁNDANOS,,,Generic ,,,,100 g,57,0.33,,,,,0,1,77,14.49,2.4,,0.74,2,1.5,0.5,3.5,SNACKS ,
1,Grapes,UVAS,,,Generic,,,,100 g,69,0.16,,,,,0,1,191,18,0.9,,0.72,3,18,1,4.5,SNACKS ,
1,Kiwi,KIWI,,,Generic,,,,100 g,61,0.52,,,,,0,3,312,14.66,3,,1,3,154,3.5,4,SNACKS ,
1,Peaches,DURAZNO,,,Generic,,,,100 g,39,0.25,,,,,0,0,190,9.54,1.5,,0.91,11,11,0.6,3,SNACKS ,
1,Pears,PERAS,,,Generic,,,,100 g,58,0.12,,,,,0,1,119,13.81,3.1,,0.38,1,7,1,2,SNACKS ,
1,Apple ,MANZANA,,,Generic ,,,,100 g,52,0.17,,,,,0,1,107,13.81,2.4,,0.26,2,8,0.6,1,SNACKS ,
1,Celery,APIO,,,Generic,,,,100 g,16,1.12,,,,,0,80,260,3,2.1,,3.46,15,5,4,2.5,SNACKS ,
,,,,,,,,,,,,,,,,,,,,,,,,,,,,
,,,,,,,,,SERVING SIZE,CALORIES,FAT (g),SATURATED (g),POLYUNSATURATED (g),MONOUNSATURATED (g),TRANS (g),CHOLESTEROL (mg),SODIUM (mg),POTASSIUM (mg),CARBS (g),FIBER (g),SUGAR (g),PROTEIN (g),VITAMIN A (%),VITAMIN C (%),CALCIUM (%),IRON (%),,